<?xml version="1.0" encoding="utf-8" standalone="yes"?>
<rss version="2.0" xmlns:atom="http://www.w3.org/2005/Atom">
  <channel>
    <title>Categories on Alex Fallenstedt</title>
    <link>https://fallenstedt.com/categories/</link>
    <description>Recent content in Categories on Alex Fallenstedt</description>
    <generator>Hugo -- gohugo.io</generator>
    <language>en-us</language>
    <copyright>© {year}</copyright><atom:link href="https://fallenstedt.com/categories/index.xml" rel="self" type="application/rss+xml" />
  </channel>
</rss>
