<?xml version="1.0" encoding="utf-8" standalone="yes"?>
<rss version="2.0" xmlns:atom="http://www.w3.org/2005/Atom">
  <channel>
    <title>Tags on Alex Fallenstedt</title>
    <link>https://fallenstedt.com/tags/</link>
    <description>Recent content in Tags on Alex Fallenstedt</description>
    <generator>Hugo -- gohugo.io</generator>
    <language>en-us</language>
    <copyright>© {year}</copyright>
    <lastBuildDate>Tue, 12 Jan 2021 12:36:41 -0800</lastBuildDate><atom:link href="https://fallenstedt.com/tags/index.xml" rel="self" type="application/rss+xml" />
    <item>
      <title>career</title>
      <link>https://fallenstedt.com/tags/career/</link>
      <pubDate>Tue, 12 Jan 2021 12:36:41 -0800</pubDate>
      
      <guid>https://fallenstedt.com/tags/career/</guid>
      <description></description>
    </item>
    
  </channel>
</rss>
